product_id,tn
20001,1289.8546123798078
20002,1043.7147768460786
20003,730.5159334622897
20004,542.79858985314
20005,534.8098019526556
20006,467.5630635775053
20007,412.7303286625789
20008,367.6983057462252
20009,541.3225866666667
20010,403.11753487220176
20011,377.63544
20012,313.36890986515925
20013,373.6801602877103
20014,378.74213914137624
20015,369.02365166666664
20016,272.4505500793457
20017,270.6513186234694
20018,255.44744884784404
20019,306.52162749999997
20020,300.34591621985805
20021,242.6827017270602
20022,279.20400333333333
20023,214.28176750769984
20024,222.46993029667783
20025,221.10674907977767
20026,232.15676568838268
20027,230.0149175
20028,213.228015
20029,182.41897867642916
20030,127.85045
20031,187.79159619258
20032,590.33366
20033,133.2770053570087
20035,172.63907142052284
20037,179.65005833333336
20038,175.941565
20039,146.72570208035984
20041,130.32704770014837
20042,174.63574083333333
20043,128.5133187367366
20044,169.413755
20045,148.43135139758772
20046,155.99976583333333
20047,159.85561828613282
20049,203.98651
20050,131.0658410879282
20051,130.26135400625375
20052,119.09683416666668
20053,148.666434273353
20054,141.37415745074932
20055,95.47951702704796
20056,94.9795270039485
20057,137.31309848198524
20058,121.90572769458478
20059,138.13409833333333
20061,136.1309216666667
20062,98.93316083333332
20063,120.39951488788311
20065,129.8244675
20066,124.91589175004223
20067,115.64045148996206
20068,109.8171203319843
20069,132.3883325
20070,107.4567125
20071,122.04417166666668
20072,93.47247
20073,110.9960775
20074,96.2251077945416
20075,117.6475575
20076,99.810425
20077,103.418805
20079,59.19188668177678
20080,94.7026375
20081,91.3642275
20082,74.97653689751259
20084,103.19098744025598
20085,190.7971225
20086,66.43026057023269
20087,85.03425225477952
20089,196.34867333333332
20090,82.58542
20091,101.40317416666666
20092,64.07654261955848
20093,82.86601277864897
20094,93.167775
20095,87.69618916666667
20096,75.69585000551663
20097,69.83016232710618
20099,69.30632333333334
20100,51.664450850853555
20101,76.60963592529296
20102,37.68041307009184
20103,74.92642666666667
20106,73.48056529118465
20107,79.42101916666667
20108,63.57559502674984
20109,63.59006027808556
20111,80.71772083333333
20112,84.43754416666667
20114,65.83879678432758
20116,103.98761083333332
20117,47.767245527414175
20118,59.147335
20119,53.32711494885959
20120,68.69216
20121,69.39277973908645
20122,71.23268835361188
20123,63.9483879676232
20124,53.42478115375226
20125,67.32726000000001
20126,103.1833525
20127,208.43745
20129,65.84039121774526
20130,110.56532583333336
20132,61.0915
20133,51.986371869307305
20134,57.50051651000977
20135,95.03020416666668
20137,55.94462393247164
20138,39.7234085889963
20139,57.432404188009414
20140,59.212335
20142,62.75167166666666
20143,104.44433583333334
20144,48.79692583333334
20145,61.337945321890025
20146,47.3479825
20148,72.75243166666667
20150,98.3862975
20151,42.4657825
20152,57.2763675
20153,53.92599952404316
20155,48.802587499999994
20157,50.81381166666667
20158,53.04850137417133
20159,80.26138416666667
20160,53.477295
20161,56.010105833333334
20162,43.88126416666666
20164,65.39411666666668
20166,48.430973333333334
20167,42.146369166666666
20168,24.009595
20170,79.8638625
20174,114.81175857142856
20175,33.89276187603291
20176,37.72045150169959
20177,38.198320154043344
20179,34.26188833333333
20180,37.96174475963299
20181,40.99533912218534
20182,36.406951666666664
20183,24.421320221974295
20184,36.89078083333333
20187,35.135100115262546
20188,32.35037059417138
20189,37.37020833333333
20192,44.94648083333333
20193,36.30996222862831
20196,38.83728333333333
20197,29.548395833333338
20198,38.25171916666667
20200,35.4501125
20201,33.88437754190885
20202,34.9693125
20203,46.91656666666666
20205,35.659685833333334
20206,32.08387
20207,19.36176793758686
20208,31.113756666666664
20209,27.777145
20210,82.17732
20211,22.987434398210965
20212,27.950301133669345
20213,78.120208
20215,29.537560833333337
20216,17.717118861125066
20218,32.283746666666666
20219,26.17310309776893
20220,26.850421127906213
20222,23.435424261826736
20224,27.18117686051589
20225,21.33632916666667
20226,23.08489692027752
20227,41.540335
20228,15.39096810267522
20230,21.463270833333336
20231,22.921516381777252
20232,35.7058975
20233,33.34246166666667
20234,18.20641474907215
20235,36.53183583333333
20236,97.61604166666666
20237,51.892561666666666
20238,22.048770833333332
20239,23.02755833333333
20240,23.75858666666667
20241,21.429626578551073
20242,13.384237043674176
20244,21.450594648948083
20246,25.003359116040745
20249,20.108411666666665
20251,22.72093778023353
20252,19.04367027282715
20253,19.71847553619972
20254,25.5772425
20255,15.566666666666668
20256,18.452345833333336
20257,58.229854
20259,22.2619675
20261,71.72756
20262,24.588008333333335
20263,21.516526666666667
20264,18.17180459132561
20265,14.836810895112844
20266,35.37625
20267,22.310087776184083
20268,19.538611287337083
20269,18.084825196632973
20270,22.34793
20271,20.835916666666662
20272,17.848459166666668
20273,18.973838111070485
20275,21.007691666666663
20276,19.113914166666667
20277,18.731104166666665
20278,17.770744166666667
20280,17.317047071456912
20281,17.244656666666668
20282,18.47552718932812
20283,16.291459094561063
20284,18.139757460814256
20285,18.982424166666664
20286,49.778057
20288,17.767989784020642
20289,15.324627808424143
20290,17.95790786743164
20291,16.399276265731224
20292,16.6698025
20295,16.127388077515825
20296,17.2129425
20297,24.186782500000003
20298,19.016826666666667
20299,13.934406146636375
20300,16.922113333333332
20301,15.92585329275865
20302,11.43056940482213
20303,19.2227591753006
20304,12.83282
20305,10.5646161207786
20306,23.671289166666668
20307,16.279274782767665
20309,17.262891184366666
20310,16.54132862457862
20311,19.957740833333332
20313,22.63989
20314,17.6856230038863
20315,16.52361624607673
20316,23.782480000000003
20317,15.690492435602042
20319,16.459017499999998
20320,14.86022590490488
20321,18.4757675
20322,10.055723729500404
20323,27.641915833333332
20324,15.858787452257596
20325,8.097550833333333
20326,15.180188333333334
20327,15.361329753582291
20328,17.25724
20329,13.859536666666664
20330,15.85206657739786
20332,13.25937084234678
20334,19.86905416666667
20335,14.539896666666666
20336,13.9046
20337,18.093411666666665
20338,13.800295052161584
20340,20.40133833333333
20341,12.287299345089838
20342,16.456967616081236
20343,15.726646666666667
20344,19.20156666666667
20346,12.71526825428009
20348,18.249823333333335
20349,14.820263145520135
20350,9.870800723479343
20351,21.149644166666665
20352,16.137183333333336
20353,13.110107797842758
20354,14.390994246189411
20355,35.54702777777778
20356,15.014685833333331
20357,13.342995833333331
20358,11.04103
20359,14.447887405982383
20361,17.8461675
20362,8.463324166666666
20364,31.51001666666667
20365,11.583594166666666
20366,12.752250833333331
20367,13.071812728735118
20368,19.066628333333338
20372,8.899485728373895
20375,11.023441666666663
20377,13.615964166666666
20378,17.830618333333334
20379,8.730705872865823
20380,13.5408
20381,14.18646
20382,9.317299166666666
20383,10.41710292009207
20384,9.89862393782689
20385,9.958129166666668
20386,12.2244075
20387,15.598237500000002
20388,11.083799999999998
20389,30.651103333333335
20390,11.992980833333334
20395,17.0382225
20396,8.9106115597945
20398,8.85522005558014
20400,10.954535833333331
20401,10.166083333333331
20402,13.476818333333334
20403,14.044930833333334
20404,9.315680833333332
20406,13.058526431597198
20407,8.759833667828486
20408,17.66823833333333
20409,6.4600605946320755
20410,10.298110672143787
20411,9.809589166666669
20414,31.198115555555553
20415,8.026849166666667
20416,6.748671909478995
20417,11.749580833333331
20418,5.593738928666482
20419,11.80614700133984
20421,13.321799580867474
20422,6.612507740350869
20424,8.917015000000001
20426,5.959221666666667
20428,6.067436289787293
20429,6.267216117106951
20432,9.042986666666666
20433,12.240529427161585
20434,9.755683333333334
20438,12.62535303556002
20440,30.268953333333332
20442,31.269903
20443,8.88494112766706
20447,8.8644725
20449,6.48680171416356
20450,10.327045833333337
20453,10.931030833333333
20456,7.752457500000001
20458,24.691972222222223
20459,17.2991925
20460,18.19908416666667
20463,10.071594166666666
20464,8.012730833333334
20465,7.914890038050139
20466,7.969296666666666
20469,10.43382
20470,8.14656470830624
20473,6.848956879285666
20474,8.6409725
20476,24.85514
20477,14.465405
20478,6.263929166666666
20479,11.663099166666669
20480,6.186203333333334
20481,9.0796475
20482,7.795850593310137
20483,8.470639472741347
20484,6.3354083333333335
20488,11.979926666666666
20490,3.5254866315768316
20491,15.661783
20495,16.5736925
20496,8.0415375
20497,7.193530543033894
20500,8.638780232576224
20502,7.54459572663674
20503,15.309085
20505,7.106571690852826
20508,5.4106975
20509,3.5698237873040712
20510,20.465524444444444
20513,8.409898333333333
20514,6.874358333333333
20517,5.226437416443458
20520,7.266859082075266
20521,21.178451111111112
20522,12.357259166666667
20523,14.509779166666668
20524,7.093508333333333
20525,18.36343555555555
20526,19.86938
20527,14.124229166666666
20530,5.4876345405211815
20531,17.813344444444443
20532,6.724188257180728
20536,6.550745
20537,17.25259222222222
20538,6.728671666666667
20539,6.229293929613554
20540,13.6841625
20541,10.3758725
20542,8.063303333333334
20544,6.855392500000001
20547,13.832648333333331
20548,20.247307
20549,7.80606781244278
20551,5.942179845846617
20552,3.8484475
20553,13.5112175
20555,6.642918333333333
20558,15.56646
20559,13.664040833333331
20560,5.128593427401323
20561,2.7677716722855203
20563,6.000782523705409
20565,6.949236666666667
20567,8.923065833333334
20568,4.234487537695811
20569,11.008534166666664
20570,6.818080295049228
20571,9.942025833333334
20572,4.74582273043119
20574,4.058541666666667
20575,15.81606
20576,6.327659166666667
20577,15.517516666666666
20578,4.8989
20579,4.8624850804989155
20580,14.39165
20583,5.0383566397887005
20585,5.908670833333333
20586,3.885008072853089
20588,4.07134
20589,6.3934299999999995
20592,16.768127142857143
20593,17.16047888888889
20596,4.366540909090909
20597,2.357011674459164
20599,4.7707925
20600,4.763931666666667
20601,3.858579885042631
20602,3.9889574894538296
20603,14.076342222222223
20604,5.748975000000001
20605,5.345563863790952
20606,4.916314015021691
20609,3.865853277536539
20611,10.84592
20612,5.415168333333334
20614,3.622967950655864
20615,13.47855
20617,3.540257434661572
20620,15.088071
20621,12.558663333333334
20622,5.192617355860197
20623,13.210916
20624,4.9216825
20627,8.943495833333333
20628,4.295480718062474
20629,3.415751843269055
20632,3.3826077603376827
20633,13.047630000000002
20636,2.9095066091189015
20637,4.717674573568198
20638,5.9411716666666665
20639,4.055383333333333
20640,4.143759081913875
20641,4.082502727272727
20642,3.8908650127741007
20644,3.0021141584102926
20646,4.93969
20647,4.336388333333333
20649,21.76318
20651,3.1433574254696186
20652,3.973196120904042
20653,4.278539166666667
20654,4.756518560189468
20655,3.4586341468187483
20657,3.182171666666667
20658,4.1049925
20659,11.694495
20660,3.079674917917985
20661,4.029988333333333
20662,10.89349
20663,1.992565121100499
20664,3.1211888808470505
20666,3.43525
20667,7.098559166666667
20670,2.8579765507808097
20672,4.152491227938579
20673,11.385031666666668
20674,13.739311428571428
20676,2.3673578491577736
20677,3.2253314550106342
20678,2.2814894602848934
20679,7.081894166666667
20680,4.746314654900478
20681,12.226912222222222
20682,7.516016666666666
20684,2.456881108192297
20685,2.9593110435284102
20686,12.4984025
20689,9.015673333333334
20691,19.80727
20693,3.456399166666667
20694,8.77797
20696,3.9840374002089862
20697,2.8885564451034256
20699,3.4378724999999997
20700,3.761488333333333
20701,3.451575
20702,2.258253038388032
20703,12.166955
20705,2.9775487101995033
20706,3.6813983333333336
20708,3.6246786057949065
20709,6.918903333333334
20711,11.25298
20713,2.4172534892192257
20714,3.3844025
20715,2.4890683333333334
20719,8.320296666666668
20720,9.745626666666666
20721,2.4292831411728493
20724,2.4322391666666667
20729,1.769307587467707
20730,2.487050348061782
20732,10.110184285714285
20733,2.8084358333333337
20735,2.746140243915411
20737,2.1922212135333283
20739,2.7888741666666665
20741,1.4917258333333334
20742,2.392897018102499
20743,2.2137775
20744,2.64851
20745,2.3520925934498127
20746,7.316403333333333
20749,2.736284166666667
20750,3.2071391666666664
20751,2.159035
20754,8.739625
20756,2.882583919396767
20757,5.683823
20758,2.646551666666667
20759,1.97939894589094
20761,2.5681508333333336
20762,6.8208
20765,1.291887629376008
20768,2.0252475
20771,1.7393483333333333
20772,9.344477142857142
20773,1.6581062895747332
20774,7.696732857142857
20775,2.3580241666666666
20777,2.766619166666666
20781,1.9080950007988855
20783,3.708631666666667
20785,7.750360000000001
20786,1.7345633333333332
20788,1.4882928149058268
20789,1.8630934077959795
20793,2.46326
20795,6.306387777777778
20800,1.2033201676148635
20801,1.8405093676768816
20802,1.2957466666666668
20803,1.593441495528588
20807,2.149175
20809,2.7103933333333337
20810,1.8957948996470524
20811,3.3190983333333333
20812,1.615687381533476
20815,7.464222
20817,6.432486666666667
20818,2.001116666666667
20820,2.0317683333333334
20822,6.033203333333334
20823,1.7627841666666668
20824,1.0793175
20826,1.6923425225111155
20827,6.934788571428571
20828,1.7892278797351395
20830,1.350442568384684
20831,2.3386041496808714
20832,2.508461666666667
20835,5.786993333333334
20838,1.8128483333333332
20840,1.8812591666666665
20843,1.3388161512521597
20845,6.433445
20846,1.3601808564021036
20847,1.6817227182480006
20849,1.773205
20852,1.69262
20853,3.1459075
20855,1.9932608333333333
20859,2.8903033333333332
20862,1.7516662556391496
20863,1.576967640335743
20864,1.374173507782129
20865,1.6058298656573662
20870,1.521473347682219
20877,1.5752066666666666
20878,1.373525
20879,1.5477827272727274
20882,1.4396716301257797
20883,1.1344733333333334
20885,1.3578391666666667
20886,3.5225166666666667
20892,1.371517321238151
20894,1.4633191666666665
20899,3.0224819999999997
20901,1.022798801843937
20902,2.581925
20904,5.292086666666667
20906,0.9380742971713728
20907,4.654346666666666
20908,2.4380666666666664
20910,4.859635
20912,4.675719999999999
20913,1.251578855743775
20914,1.1649
20917,2.5892741666666668
20919,0.9470625
20920,3.6624966666666663
20922,0.812045
20924,3.100855
20925,1.032615621846456
20927,3.734815714285714
20928,4.587685
20931,1.1999573959754064
20932,2.598045
20933,3.5741266666666665
20936,0.716658
20937,0.9564275554739512
20941,0.9263350323988842
20942,2.347294
20945,1.366766666666667
20946,3.17114625
20947,0.8598766066707098
20948,0.796543575823307
20949,1.0376975
20951,1.217663333333333
20953,3.9979883333333337
20956,0.6776935234665871
20957,1.0076916666666669
20961,0.95344518331381
20962,3.9156825
20965,0.7558532659824078
20966,1.407242222222222
20967,1.7221566666666668
20968,2.968296
20970,0.7784834716182489
20975,3.58399
20976,0.7517190697101446
20982,0.3703456551696246
20985,0.7592226721919499
20986,0.8453700469090388
20987,2.6687266666666662
20990,1.150705833333333
20991,0.5895842706927886
20994,0.4459698048921732
20995,3.3653225
20996,0.940065
20997,1.3844816666666668
21001,0.8325441666666666
21003,0.7980258333333333
21006,2.39585
21007,2.1303714285714284
21008,0.6582683333333333
21014,0.8128375
21016,0.6075692521838042
21022,1.1825366666666666
21024,0.5898279843422083
21027,1.2437825
21028,0.5513643805797284
21032,0.4520118221640586
21033,1.642999
21034,0.9001983333333334
21035,1.89825
21037,0.7684625
21038,0.5696694197563025
21039,1.9819533333333337
21040,0.8522508333333333
21042,1.78178
21044,1.858675
21048,0.4446248129010201
21049,0.3569466666666667
21055,0.3866290325155625
21056,1.0724525
21057,0.6518973157956051
21058,1.64378
21064,2.15753375
21065,0.6017691666666667
21073,1.329256
21074,1.42537125
21077,0.2869534734349984
21079,1.8997366666666664
21080,0.4215591666666666
21084,0.6988949999999999
21086,1.4960777777777778
21087,0.9074225
21088,0.2931843804052243
21092,1.0403066666666667
21093,1.06308
21097,1.378714
21099,1.5154325000000002
21105,0.8837566666666667
21109,1.2232383333333334
21110,1.391452
21111,1.2599699999999998
21112,1.0800566666666669
21114,1.2802257142857143
21118,0.3744866666666667
21119,1.1571742857142857
21126,0.4712574999999999
21129,0.927806
21131,0.2109475210595589
21135,0.68718875
21140,0.8307242857142857
21142,0.3634416666666666
21144,1.17942
21146,1.196338
21153,0.5895636363636364
21154,1.196322
21155,0.349945
21157,0.2402566666666666
21159,0.5135118181818181
21163,0.68782125
21164,0.3938716666666667
21167,0.190445
21168,0.4885981818181818
21170,0.1692725
21171,0.55450375
21176,0.3329208333333333
21179,0.5288866666666666
21180,0.1265491666666666
21182,0.1736526717073642
21184,0.2138425
21190,0.1649363636363636
21191,0.1702825
21192,0.0616157196318874
21194,0.1517775
21196,0.4510877777777777
21200,0.1243172727272727
21201,0.2543116666666666
21202,0.0664219135490174
21207,0.1471325
21209,0.1413241666666666
21212,0.128725
21214,0.4110625
21218,0.0517526811991746
21222,0.0569879765192476
21224,0.0913741666666666
21226,0.1432625
21227,0.3401
21233,0.0998675
21244,0.0361116666666666
21245,0.05502
21246,0.0335241666666666
21248,0.0259916666666666
21252,0.178011
21256,0.0251733333333333
21259,0.0298758333333333
21262,0.0271691666666666
21263,0.0299933333333333
21265,0.089541
21266,0.094659
21267,0.092835
21276,0.045447
